create_time,id,like_count,share_count,username,video_description,view_count,comment_count,category
1678385939,7208612613729701162,24981,2587,sayyyydeeee,we are rainforest cafe girls at heart #rainforestcafe #galveston #galvestontx #fyp #foryou ,406167,149,Comedy
1681273632,7221015241293860102,2626766,266215,ayyeye_theproducer,Laughter is great for the soul #fyp #fypã‚· #viralvideo #viral #funnyvideos #funnyreels s#famiy #familyfun #laugh #happy #classicalmusic #singingchallenge #singing #singingfail #queenmemez #love ,27690914,16122,Trend
1683989572,7232680060648443179,99651,4434,angliv333,Try not to laugh. ğŸ˜‚ #singingchallenge ,2606948,426,Trend
1690768514,7261795427777924394,606578,40787,ewbwcb,"Whenever weâ€™re all together, you can most definitely expect me to force everyone into a Tik Tok challenge ğŸ˜‚ #operachallenge ğŸ¶ #fyp #familyfun #tonedeaf ",7325965,1817,Trend
1688177901,7250668800541084971,1099299,113649,carbon_.based._lifeform,rainforest cafe ğŸ˜,5829419,5347,Random
1693410577,7273143027361680673,95335,8143,mycatjyn,Replying to @RonnieğŸ§¬ğŸˆ say no more #mycatjyn ,509349,325,Animals
1693259017,7272492026237701419,3399502,563851,noritheiggyy,The smoothest of brains ğŸ˜… #italiangreyhound #iggy #iggys #iggysoftiktok #iggysoftheworld #sighthound #dog #dogs #dogsoftiktok #dogtok #cute #cutedog #silly #sillydog #funny #funnydog #adorable #petsoftiktok #cuteanimals #puppy #puppylove #puppytiktok #puppysoftiktok #dogmomlife #playtime #tippytaps #viral #trending #fyp #fypã‚· #fy #foryoupage #foryou #greyhound #greyhoundsoftiktok #teefs #goofy #goofydog #furbaby #italiangreyhoundpuppy #smoothbrain #noritheiggy ,19629564,13849,Animals
1693182999,7272165545024245034,696511,75726,meganandtherescues,All hail the king ğŸ‘‘ #lordtheodorewillisthethird #lordtheo #smoothbrain #catsoftiktok ,3835706,1243,Animals
1693068140,7271672269762530592,1427458,336566,oeschsdiedritten,Jodeln auf fast 3000 Meter Ã¼ber Meer ğŸ˜ğŸ˜ #live #oeschsdiedritten #music #jodel #yodeling #yodel #schilthorn #ontop #mountain #ğŸ‡¨ğŸ‡­ #melanieoesch ,11478704,34127,Singing
1692652830,7269888512764267808,1824,62,funtipsj8ef,#funtips8 ,1113913,7,Comedy
1692635317,7269813292082760993,771584,113721,goldenboyrory,Not sure he does â€¦ #goldenretriever #goldensoftiktok #funnydogsvideo #dogtok #goldenretrieverlife #fyp ,3493334,1867,Animals
1691723522,7265897165816384811,828180,88308,jessicahendrixpon,We laughed till we peed ğŸ˜‚ #fyp #singing #singingchallenge #weneededthis #familyvacation ,7671861,2819,Trend
1691371907,7264386992404696363,43623,7424,alyssa_rchampagne,Warning: donâ€™t do this challenge with your 8-month-pregnant sister #fyp #operachallenge #pregnant #family ,893835,280,Trend
1695755690,7283215159533784366,1672118,311014,ringodanyan,Welcome to the kitty's worldğŸ’• ğŸ”ŠAudio:@Merry & Pippin Thank you so much for making this amazing songğŸ˜»ğŸ’• #catsong #catmusic #kitty #cat,11806676,7625,Animals
1695570688,7282420601136991534,981749,68796,maverickthegolden,,4518641,2449,Animals
1695342136,7281438997736475947,125654,387,ustink49,this is my original idea ,735118,238,Trend
1695340699,7281432827374161195,8984,496,wittlekittens69,classy dancers #pledgetok #texastech ,98821,58,Trend
1695331267,7281392313568398638,201074,1203,ansley..martinn,ITS HERE #fyp #foryou #earthwindandfire #music ,2186564,378,Trend
1695303627,7281273602907917599,184615,6995,thebellairs,happy 21st of sepetember ,1020973,1118,Trend
1695252827,7281055425745800478,295445,23631,daytondito,We love TikTok #pledgetok #fyp,1492993,1180,Trend
1695138189,7280563062678113537,392705,98395,89texpatpat,#septembersurge #jobjunt #linkedin #recruiterlife #recruitertok #jobhunting #diversityandinclusion #diversitychallenge ,2537888,6531,Comedy
1695068469,7280263565259410719,164281,5584,m0nkeysandbananas,dancin yea#pledgetok ,1085610,489,Trend
1694639995,7278423335225003296,187623,56470,funtipsj8ef,#funtips8 ,2519793,2132,Comedy
1694549323,7278033898267823392,919813,13968,balletblogx,Kitri Act I Variation | Akane Takada à­¨à­§:â‹…Ëš #ballet#aesthetic#royalballet#royaloperahouse#fyp#foryoupage#fy#foryou ,7792379,1589,Dancing
1694479623,7277734487268658462,651113,21790,notjadenaraiza,#pledgetok #sdfc ,4630604,3176,Trend
1694476541,7277721287672302890,785734,113189,jaedank,More like the deforestation cafe. Knucks. ğŸ¤œğŸ¤› (The rainforest cafe every 20 minutes),4838587,6885,Sketch Comedy
1694052192,7275898712461757738,260,4,alliemcfarland23,We got the singing jeans in the family ğŸ˜‚ğŸ˜‚ @kami<3 @jay @Cassey Zoe #greenscreenvideo #staircasemexicans ,8007,6,Trend
1693931461,7275380211108039937,22545,491,hninei2151,Again with heels ğŸ™ˆ #HninEi #rtacrew #rahtaentertainment #trending #dancer #coverdance #dance #arianagrande #fantasize #tiktok #beauty ,525768,206,Dancing
1693907739,7275278329828150535,755304,133868,frouhaha,Who doesnt love a good deep asian squat with eye contact ğŸ˜­ #catsoftiktok #orangecat #smoothbrain ,3182414,4172,Animals
1693745825,7274582841378295086,1634832,189449,catladytails,My perfect angel doesnâ€™t need any ridges or bumps ğŸ˜Œ #catladytails #catswiththeirtonguesout #blep #tortiecatsoftiktok ,8456726,4707,Animals
1698526190,7295114410094382369,1544512,25217,cinimemes,#funnyvideos #meme #relatable (via: jessevwieren),18668316,2108,Comedy
1698006448,7292882113014123819,152273,6316,iamhaleybeth,,2179851,188,Comedy
1697828797,7292119082529230122,1065,0,sss_sira,,26,117,Meme
1697766815,7291852884122144043,37103,6621,princessstarseed,Are you feeling depressed? â¤ï¸#princessstarseed #blueangel #messagesfromthestars #encouragementforyou #iloveyou #sparkles #messageforyou #depression ,340319,1277,Random
1697573906,7291024363799760171,4060375,395414,toekneecorrado,I should have just been Harryâ€¦ ğŸ¤¦ğŸ»â€â™‚ï¸,23557721,14793,Comedy
1696877985,7288035382413839646,231396,76184,t.3official,"NOT ME, NOT HERMOINE, YAOU ğŸ§™â€â™‚ï¸ğŸƒâ™Ÿï¸ #harrypotter #onceimakemymove #sorcerersstone #fyp ",1353436,1455,Singing
1696873575,7288016476928216363,8671328,464369,izzyandmarysdad,Pass the Slime Challenge #slime #slimegame #familygamesnight #challenge #fyp #foryou @EliteVoiceTV ,182996178,62022,Comedy
1696713931,7287330797407702303,1878259,148898,baileyroberts153,,11671645,6299,Comedy
1701313416,7307085405038398766,83729,2577,jamesleonidas2,#Spotifywrapped #Taylorswift #Swifties #ComedySketch ,851128,370,Sketch Comedy
1700957045,7305554824894926123,468640,31873,oliveandrust,Smells amazing too ğŸ˜‹ ,1914401,17454,Comedy
1700936076,7305464751671315755,793519,35765,historicalphotos1,#fyp #godisgood #Christmas #real ,4627247,2369,Meme
1700708590,7304487709429599531,800731,55916,handcraftedhooker,Bonus points if you make it to bed by midnight ğŸ¥³ #grandmaera #cozy #boardgames ,3950506,1040,Meme
1699276532,7298337037931826462,117602,19839,handyymany,its constantly one thing after another ğŸ¥² #otschool #gradschool ,1081672,731,Meme
1699051499,7297370558558211371,2371299,4055,barstoolsports,Bro was the filmer ğŸ¤£ @ndbarstool ,2159373,7489,Comedy
1699038721,7297315715407793440,1983762,24829,adrianbliss,Drinks in the stomach,15768375,2028,Sketch Comedy
1698957670,7296967605263338784,47847,4168,hannahmcneill_1,Same again this year @Adam Rea? #sheep ,682886,224,Comedy
1698903214,7296733697607224619,5433861,94741,kardashfanss,The onionğŸ˜‚ #northwest #north #kanyewest #kimkardashian #kardashians #kimkardashianwest #thekardashians #hulu ,44513913,21707,Comedy
1703454601,7316281749838023982,1032564,4345,julia_adavis,â€œIâ€™m trying to be still as humanly possibleâ€ #coopkitty ,5115118,1272,Animals
1702656101,7312852220582661419,446237,1702,jenaeaireland,Better internet Phil #teens #gamer #fortnite #highschool ,3647495,869,Comedy
1702580955,7312529411373419819,1930608,79924,josephpostingstuff,Pretty much #CapCut #historymemes #juliuscaesar #caesar #knife #thequeen #ithinkimightjustputaknifeinit ,10624370,5851,Education
1702520779,7312271032906190123,138714,1852,liloceanpaige,Hehehe im joking the students actually did really well!! #uni #university #academictok #college #gradschool #gradstudentsoftiktok ,952658,472,Comedy
1702324311,7311427137628605738,682587,20972,killa_camila,I blame the @Jonas Brothers ,4625134,1573,Comedy
1702307942,7311356836651732266,263542,14292,dannyhig,Replying to @ZoÃ« Ask and you shall re-CVS pharmacy #wordgame #beforeandafter #word #game #jeopardy #crossword #puzzle #crosswordpuzzle #combination #popculture #funny #fyp ,2076439,1320,Comedy
1706743767,7330408534678457642,84774,3,alexandreashea,Oscar noms?? The tv show you binged this weekend?? Your roommate is pissing you off?? Lets YAP!!!!!,343,1483,Meme
1706737024,7330379673584651525,1171094,34010,trumpetlovers,TROMBONES!!! Kyoto Tachibana SHS BandğŸ’¯ğŸ¤©ğŸ”¥ . . . . . . #trumpetlovers #trumpet #trompeta #trompete #trumpetlife #trumpetplayers #trompetista #trumpetplayer #saxmusiclovers #saxophonelovers #saxlovers #saxmusic #live #saxophone #clarinet #livemusic #trombones #trombone #great ,9346999,3668,Dancing
1706734831,7330370129278143790,1657960,6645,americanhighshorts,ironically all these kids are in jail now #americanhighshorts #jailbreak #iphonehack #tech ,14135128,2530,Sketch Comedy
1706648732,7330000273399745835,530969,49394,hankyspankyyyy,menty health walks maybe idk,5319048,8739,Comedy
1706717700,7329550366432070958,113263,8000,josiah.t.b,BEST of @austenwestend #theatre #musicaltheatre #theatrelife #theatrekid #theatrekids #livetheatre #theatrelove,804879,144,Sketch Comedy
1706462017,7329198456096984363,5445524,187465,brandonc0hen,Lawyer? I hardly know her ğŸ’€,26516371,27608,Sketch Comedy
1706427217,7329049049066196226,4896,261,dancin_minions,Queen of minions dryads #foryoupage #fyp #makemefamous #minions #ballet #makemeviral #gaynormindenpointeshoes #donquixote #minion #makethisgoviral ,10511,718,Dancing
1706391713,7328896455119310123,90413,2077,sydandolivia,finally a daycare for adults with rich parents and zero life skills ğŸ™ğŸ¼ğŸ™ŒğŸ¼ #sketchcomedy #trustfund #nepobaby #satire ,521237,234,Sketch Comedy
1706342350,7328684555743808769,83261,1811,lach_mac,an experienced skier convincing you a run is â€œnot that hardâ€ #skiing #snowsports #snow #xgames #comedy,536790,259,Sketch Comedy
1706303098,7328515858907565354,272525,2144,americanhighshorts,#americanhighshorts #alphamoms #momlife #pilates #momsoftiktok #sahm #momtok ,1514497,394,Sketch Comedy
1706243983,7328262050449394990,5091372,282482,irock5able,Replying to @flanknstein And weâ€™re back ğŸ˜ŒğŸª¼ #fyp #viral #dance #dancechallenge #dancersoftiktok #waving ,47871795,35221,Dancing
1706130004,7327772369102179626,485561,4884,americanhighshorts,first kid who looks is a goner #americanhighshorts #schoolday #highschoollife #class ,2418823,943,Sketch Comedy
1705939633,7326954898703125792,533812,24789,simonscat,Kids in the middle of the night...ğŸ˜©,6575041,1915,Animals
1705793031,7326325091187412255,93462,2309,ivorytowercontent,Music theory the musical pt. 2! #musictheory #musician #musicstudent #musicteacher #musiceducation #classicalmusic #songwriting #harmony #melody #orchestra #musicproduction #composer #sheetmusic #chords #Jazz #band ,586910,592,Education
1705673097,7325810109223800110,22968,58,jay.and.neo,Replying to @shatirriegipson Our kid knows he left NO CRUMBS & we're so proud of him. Can't wait to see his growth!,16625,404,Comedy
1705510791,7325113017463754030,3080410,29253,lindsey2848,#fyp #dontvape #cop ,12001526,5606,Sketch Comedy
1705175509,7323673010790092064,984726,109377,sor.miguel,E siga para mais uma!!! @Brenlhacomedy @Hugo Miguel MidÃ£o @Bicalho @Carlos Silva @Pedro Rosas #sormiguel#paravoce#xyzbc a#parati #fyp ,29603314,22064,Trend
1704996180,7322902813137292550,987958,34154,manu_libreros_hdez,#dÃºo con @TN - Todo Noticias nunca creÃ­ que hacer un dÃºo fuera tan casteoso jajaja #tchaikovsky #Lago #cisne #ballet #pato #Arte #musica #music #art #sinfonico ,5590668,2883,Animals
1711922736,7352651992730193183,406622,73670,glutenfreenomnoms,Who knew something so small could do so much damage ğŸ˜‚ #celiac #celiacdisease #coeliacdisease #coeliac #glutenfree #glutenfreelife #ibd #ibs #autoimmunedisease ,3621411,1963,Meme
1711850398,7352341373221129515,2895926,717010,wizzie_spudspice,,11695940,41712,Random
1711827522,7352243110468062510,133816,21725,brandonandshane,Replying to @RutabagağŸ  PART 2 The New York Times Connections game- now with more birds! #nytconnections #connections #nytgames #fyp #comedyvideo ,811440,505,Sketch Comedy
1711771508,7352002535462505774,300324,28701,connor.clary,"Replying to @Julia Hemer WHAT YOUR EARLY COVID PANDEMIC HOBBY MADE ME THINK ABOUT YOU: dalgona whipped coffee, house plants, roller skating, animal crossing: new horizons",2679848,3566,Comedy
1711694348,7351670946459159851,427788,30354,skoodeee,Pt.4 #seattleboulderingproject #climbing #edit #fyp #blowthisup ,1807668,1289,Comedy
1711582612,7351191278081592619,391343,155692,ltmotel,Wake Up Call #motelhell #BrianTheMotelGuy #StevenTheMaid #hospitality ,2114135,2169,Random
1711571746,7351144574661774635,1144651,246243,br0myg0d,#skateboarding #skateboard #skate #skatepark #gbaso #greenbay #wisconsin #skating #fyp #fypã‚· #fypage #fypã‚·ã‚šviral #fail #fall #bail #beef #funny #bmx #bike #scooter #scoot #lol #extreme #extremesports ,13528157,10733,Comedy
1711539285,7351005218949238049,165120,25895,warwickcastleofficial,"âœ¨This is your sign to come to Warwick Castle, where youâ€™ll have the chance to see Bernieâ€™s epic dance moves in the UKâ€™s largest Bird of Prey Display ğŸ•ºğŸ¦‰ #owltok #warwickcastle #birdofprey ",1068752,1198,Animals
1711519044,7350918067708300587,707516,211414,nannccee_,â€œâ€That was a close oneâ€â€ ğŸ˜… #fail #kidsoftiktok #foryou ,4054686,2081,Comedy
1711485225,7350772960304844078,504620,43640,lesmis_2024,they did NOT win âŒğŸ¤ª#lesmis #theater #patriotplayers #cbeast ,3290912,1899,Comedy
1711484287,7350768971638902059,304296,89189,boonshoftmuseum,He's an unusual owl ğŸ˜‚ #bmd #boonshoftmuseum #burrowingowl #owl #owlsoftiktok #joeburrow ,1447132,1311,Animals
1711470156,7350708324125445408,218510,54192,maddylucydann,#stitch with @Mel Robbins ,1176991,427,Comedy
1711408628,7350443993605459243,425050,109503,rayyyy_rayyyy,Orange dude decided this was the best way to clean his tail.#cats #catsoftiktok #foryou #orangecat #cat #orangecatbehavior ,2570373,1389,Animals
1711399707,7350405591434628382,38454,3780,morningbrew,Why women are leaving Goldman Sachs #goldmansachs #wallstreet #finance #businessnews @Macy is on TikTok ,323373,138,Sketch Comedy
1711312001,7350028979115429163,140536,132933,a.bath,#stitch with @Polar ,864461,407,Comedy
1711310364,7350021963223584046,1390873,375058,cristalenap,"We asked him to read ""Baby Shark"" and he has never heard of it. We were laughing so hard ğŸ˜‚ #babyshark #babysharkdoodoo ",13014832,7099,Comedy
1711250008,7349762669756419370,186,1,bruno_themutt,Mom is heckinâ€™ embarussin meğŸ«£ #dogsoftiktok #dogs #viralvideo #petsoftiktok #doglover #fyp #photos,338,3,Animals
1711247448,7349751749185391914,17,0,reinajpt,ğŸï¸Fujicolor Superia 800 from fujifilmxweekly #fujifilm #fujifilmphotograph #fujifilmxt5 #fujifilmxt5photography #fujifilmxseries #fujifilmrecipe #rainydayvibes ,84,1,Trend
1711211854,7349598788538977579,198647,2800,sirfurrr,What do you think Sir Fur said about the groomer? #cat #catsoftiktok #meow #fyp ,963981,500,Animals
1711204723,7349568170904063274,3886401,1425587,billyd3152,Worlds smartest breed they saidâ€¦. #dogs #dumbdog #smartdog ,23413939,14610,Animals
1713465757,7359279226060541227,1346184,116113,bostonroadvet,most requested part 2 of nail trims ğŸ¾ we still love them all the same ğŸ«¶ğŸ¼ #vet #vetmed #vetmedlife #vetmedhumor #vettechtok #fyp #vettechlife #vettok #foryou #vettechsoftiktok ,11859491,4834,Sketch Comedy
1713373175,7358881729215597856,77252,4578,ellenfromnowon,ğŸŒ he's doing his best though ğŸŒ #carsoftiktok #classiccar #modernclassic #nissan #scargo #fypã‚· #cartok ,675929,474,Random
1713284869,7358502418256022826,2548824,469258,dognamedstella,Stellas Best Leaf Jumps Part 1 ğŸ‚ğŸ #stellasleafpiles #dontstopbeleafin #keepbeingyou #dognamedstella #dogsofmaine #dogsoftiktok #dogtok ,20285312,17361,Animals
1713234197,7358284757509098795,110383,10699,welcometothepeasantparty,Not again. If actively going on #dates you are #dating NOT in a #talkingstage @SeÃ±or College ğŸ« #fyp #foryou #dating #datingtips #datingadvice #datingapp #datingapps ,725324,742,Sketch Comedy
1713059664,7357535146410593578,10898458,2864449,randawg3000,When the thing that is supposed to make your life easier ends up being much harder than anticipated â˜ ï¸ #fyp #fail #dogsoftiktok ,83832865,59321,Animals
1712884517,7356782913809304878,2593950,284337,sebastians_shenanigans,#stitch with @Honey Bun I tried ğŸ’€#chonkycat #fatcat #bigcat #fail #orangecat #cattok #catsoftiktok #cutecat #fypp #foryou #viral #funny #funnycat ,8607946,3832,Animals
1712783425,7356348696285482282,1283801,145977,butterworthdasyrup,Iâ€™ll admit we should have been wearing helmets. I prefer a firm close. #humvee #tactical #army #military #militaryvehicle #nationalguard #armynationalguard #tacticalvehicle ,11536678,4932,Comedy
1712776737,7356319990519270699,593381,46037,joshbensontherapper,@Dave Ramsey really out here on Fox News throwing shade #daveramsey #daveramseywouldntapprove #foxnews #daveramseytiktok #daveramseyshow #finance #boomersoftiktok ,3517167,9907,Education
1712742907,7356174748952366344,1335320,409054,adamfreediver,If you thought the Crab People weren't coming for you...you were wrong! #philippines #deepweek #philippines ,10282991,15093,Random
1712605437,7355584261501504814,256030,54033,chaoticbekah,#fyp #sugarsugar ,1506708,2230,Sketch Comedy
1712588310,7355510634924018986,124709,38839,carly_riehl,Just a working girl ğŸ¦ğŸ’â€â™€ï¸ #funnyvideo #raccoonsoftiktok #raccoon #newjersey #nj #,596396,1020,Comedy
1712529735,7355259107462384938,7386448,325798,yuvaltheterrible,"@profpippy and yes, it was a nice challenge.",45057039,28389,Education
1712453976,7354933754755845418,2394882,191978,susankehoe1,Bear steals my vacuum cleaner and when i go to get it I accidentally turn it on. Then wstch the bearâ€™s reaction. Year 2021 #foryou #bear #viral #love #wildlife #steal #thief #vacuum #laugh #animal #spirituality #mountain #biganimals ##country #woods #outdoors #house #USA #forest ,14855917,32108,Comedy
1712266082,7354126776072670507,808188,32273,emilyzugay,more logos woof woof,3623766,2209,Animals
1712265207,7354122998951071018,513953,231359,herrickdl,"Come to our eclipse viewing party at the North Branch on April 8 from 2-4pm, where you can get your own pair of eclipse glasses! And thanks to @Cromwell Belden Public Library for the video inspiration! #eclipse2024 #librarytok #libraryprograms #librariansoftiktok #eclipseparty ",3940925,1811,Sketch Comedy
1712247908,7354048737544506657,738928,78904,maddylucydann,#stitch with @Samantha Richard ,4086988,1113,Comedy
1712239552,7354012467900550431,250659,37596,dadchats,Parenting wario maybe ,1598219,3513,Sketch Comedy
1712202235,7353852457929280810,878091,91429,alaysiajeniah,IM IN TEARSS #viral #fyp #shooping ,5131245,6825,Comedy
1712201060,7353847513243307281,238576,51034,anikamadelinebuha,Wiggles â€˜24 The absolute best tree dancer there is ğŸŒ³ @The Wiggles #thewiggles #treedancer #wigglewiggle #wigglesfan ,1751632,1336,Dancing
1712170245,7353715174471208224,2295826,499395,designeroutletashford,donâ€™t need to ask me twice #shoppinghaul #fyp #tryonhaul ,12221195,9891,Meme
1704920330,7322576916073024814,994823,10029,americanhighshorts,looks like they didnâ€™t study #americanhighshorts #test #finalexams #midterm #study #students ,5601952,1883,Sketch Comedy
1704838146,7322223983015824682,547355,21516,brynn_ill,worth it #brittanybroski #broskireport #books #booktok #book ,2405801,2316,Meme
1704743901,7321819022452968734,226033,4885,velocijoester,goose #sillygoose ,918690,653,Comedy
1704624670,7321307169545014561,222164,17254,tiphainetournier,,2608021,1486,Animals
1704560436,7321031141769760042,1831473,19561,keagancsings,Weâ€™re brothersâ€¦ #fyp #foryou ,7959835,3478,Trend
1704488451,7320722024136150318,2993905,94531,americanhighshorts,#americanhighshorts #alphadads #alphamoms #basketballgame #momlife #boymom #momsoftiktok ,16786662,17111,Sketch Comedy
1709230982,7341091099311721758,285951,13166,twistedwhiskertupelo,Replying to @notorious_hooligan some basic cat body language things to look for to gauge what kind of mood your cat is in when you're playing with them #cats #catbehavior ,1415942,1418,Animals
1709226675,7341072480372641067,75166,1771,bailshuh,#canyoumakeit24 #redbullcanyoumakeit #indy #iu #italy ,310054,487,Meme
1709212490,7341011712507677984,10992762,709933,cuteeeanimalsss,little lamb ğŸ¥¹ğŸ‘ | #fyp #parati #animals #cuteanimals #cute #cuteeanimalss #lamb #little ,71698056,57428,Animals
1709175747,7340853821226175787,234177,9206,claykimball,lift w ur legs not ur back ,1146377,459,Comedy
1709169903,7340828738180893995,16228050,420175,weeklyvirals_,He gets so emotional with the song like he understands it ğŸ˜­â¤ï¸#mylovemineallmine #mitski #viral#fyp#cat#catsoftiktok #kitten#kittensoftiktok #sad#funny#funnycat @Mitski ,82318626,101814,Animals
1709160801,7340789599230479662,474037,6609,mbiwinterguard,Gotta love winterguard ğŸ¤©ğŸ™Œ ğŸ¥ inspo: @JMU Guard #MBI #DPG #shutupanddrive #winterguard #colorguard #crashtestdummy #WGI #WGI2024 #MBIwinterguard #yellow #WGIchicago #yeah #NSC #beepbeep #letsride #fypã‚· #fyp #dancing #walking #rearrangingfurniture ,6105300,1410,Meme
1709156812,7340772433810443550,233489,17405,ballysports,A Texas tradition! Mutton Bustinâ€™ from the opening night of #rodeohouston #rodeo #fyp #viral #foryoupage #foryou ,3712501,1537,Comedy
1709136973,7340687233269140779,1333780,16072,gambleamadingdong,uh-oh! #LittleMermaid #UnderTheSea #HighSchoolMusical #HighSchoolTheatre ,7551759,4044,Comedy
1709122361,7340624590630047009,2611898,203257,infiniteflightofficial,Scary ğŸ«£ğŸ˜§ #infiniteflight #flightsimulator #aviation #lightning #aviationlovers #avgeek #flying #travel #storm #takeoff #planes #dreamliner #boeing #lightningstrike #scary ,3738240,341880,Meme
1709078977,7340438251288759598,1070939,17568,sydswisher,â€œThe Meaning of Enoughâ€ 24â€ x 36â€ #oilonfabric #midwesternartist #fyp #nostalgiacore #fypã‚· #repainting #midwestern #wallart #oiloncanvas #nostalgia ,6158529,4197,Art
1708995096,7340078016564841736,1027050,42010,najmahanaa,ZE MOOOOOOOON ğŸŒğŸ˜ƒ #taylorswift #erastour #tstheerastour #minions #erastouraustralia #cult #performance #fyp #concert #swifttok #sydney #taylorsversion ,7186701,3385,Meme
1708966503,7339955182266109230,579151,3440,layla_.mckenzie,#brother #brothermattcorby #mattcorbybrother #cookies #contemporary #contemporarydance #contemporarydancer #groupdance #danceperformance #choreography #orphan #fyp #fypã‚· #viral ,4272897,925,Dancing
1708962339,7339937331039767841,1684087,28832,bestuktelevision,Alison is the Queen of British TV ğŸ˜­#thismorning #alisonhammond #britishtv #funnymoment #gonewrong #hollywilloughby #phillipschofield ,14307392,3815,Comedy
1708922064,7339764266058255659,101910,12431,ashleyceverhart,"The mash-up for which the world, and I, were woefully unprepared. Thanks for having me back, @Duty Free Live! #comedy #musicaltheatre #musicals #lesmis #lesmiserables #gameshow #improv #improvcomedy #funny #snl #gay #queer #lesbian #music #nyc #newyork #sketchcomedy #sketch #standup #standupcomedy #reels #tiktok #fyp #parody #theatre #theater #broadway #theatrekid #theaterkid ",819114,1075,Singing
1708917791,7339745900022992171,5109793,130191,thenewstepford,80â€™s metal was the best. Fight me. But not hard. Iâ€™m old. #genx #80smetal ,24398519,19161,Comedy
1708906862,7339698995897404715,2038596,49448,mzhaylstorm,10/10 capture,9743959,6533,Meme
1708886058,7339609563911556394,222182,17836,thebeantones,"(FULL VID) A Trout No Doubt Weâ€™re hitting the studio today to officially record our version of this forgotten fishy tune. Itâ€™ll be yours to stream (haha) very soon! While you wait, hereâ€™s the whole vid in one piece. Thanks for digging our tomfoolery! Book us for your event! beantones@gmail.com #vocaljazz #vocals #vocalharmony #vintageharmony #singing #fishing #jazztok #fishtok #fishlife",1014163,1838,Singing
1708838841,7339406908924890369,8259893,287072,macymckoyxo,Legs are swinging ğŸ’ª #foryou #boyfriendduties ,43389077,26429,Comedy
1708769042,7339107127874555169,99923,4520,elena_and_ayla,#hunde#hundebesitzer#hund#ayla#mÃ¼ller#fyp#elena#hundevideos#funny#fypã‚·#hundeauftiktok#weiÃŸerschÃ¤ferhund#schweizerschÃ¤ferhund#onetigris#k9#hundegeschirr#leinen#haha,514562,614,Animals
1708640017,7338552968515439905,458438,7175,whatsername1.0,#stitch with @yadi hopefully this works on the ladies tooğŸ˜©ğŸ™ğŸ™,2097971,1124,Comedy
1711200001,7349547827795627306,18406,4153,mickeymarisandmeg,not sponsored but if you want it search for enrichment feeders on amazon!! and please send me all the enrichment feeder reccos i am obsessed ğŸ‘ğŸ»ğŸ‘ğŸ» #enrichmentfordogs #enrichmentforpets #dogenrichment #dogsoftiktok #amazonfinds ,141625,246,Animals
1711132081,7349256268059561217,6994641,1767565,reneezwagerman,,36979356,67747,Random
1711110380,7349163078551899424,2754322,516830,miguelplaysrecorder,#williamtell #rossini #apple #arrow #opera #overture #williamtelloverture #reddelicious #dolmetsch #flautodolce #blockflote #classicalmusic #miguellawrence #flautadulce #recorder #gsmd #diezmilflautas #kingstonuniversity #royalhorses #flautasoprano #crossbow #flecha #freccia #dolmetschdolonite ,17982460,18545,Singing
1711065916,7348972113509813547,77001,8304,henryhenryhenryhenryhenr,Yay!!!,551397,635,Comedy
1711058961,7348942217689451806,968440,148282,cottoncaindy,he didnt even hesitate when I brought this idea to him ğŸ˜‚ #nightshift #nursesoftiktok ,5633478,2940,Comedy
1711057080,7348934135047572766,383518,100617,barstoolsports,Get aflac on the drumline ğŸ¤£ @Barstool Outdoors (via:minnesotaduck/ig) ,3097426,1035,Animals
1711045652,7348885059711094058,22036,9025,washdnr,"You can tell itâ€™s a tree by the way it is. We caught up with Forester Brian Williams as he was working on a replanting a harvest in Tahuya State Forest. During these replantings, the average worker will plant between 1,100 to 1,500 seedlings PER DAY (PER DAY!?). And when it comes to reforestation, we take it a bit more seriously than â€œthatâ€™s a tree.â€ Our foresters take deliberate steps to plant different species that will mimic the stand that we just harvested. In the following 10-15 years, our foresters will focus on controlling brush and noxious weeds (like scotch broom) in this area so these lil guys have the best chance possible to survive. In fact, every step of our harvest strategy is taken with sustainable forestry management in mind. Following the guidance of world-renowned forest ecologist Jerry Franklin and our Habitat Conservation Plan, we can minimize environmental impacts while still fulfilling our mission of generating revenue for our trust beneficiaries (K-12 schools, universities, and county services - like roads, libraries, fire districts and hospitals). #Washington #reforestation #forestry #replanting #Pnw",96855,289,Sketch Comedy
1711042189,7348870181407722798,9029266,1053605,kkenziegreene,Replying to @Gabby the way only ONE person danced ğŸ˜­ğŸ˜‚ #collegeprofessor #collegelife #college #collegeinfo #utk #universityoftennessee @eme @Professor Pittman @UTK Social Media ,64634641,109910,Comedy
1711018993,7348770590053944577,1421549,183754,nicolaannec,I had such a giggle at this ğŸ’€ #urns #pottery #fyp #funnyvideos ,8313633,1574,Comedy
1710995052,7348667636051430698,312461,75884,penelopecrochets,a whopping 71 people on ravelry have made this. I am speechless. And impressed. Lots of feelings. #yarn #crochet #crochettok #crochetersoftiktok #knit ,1647053,2403,Random
1710981163,7348608019388796206,1950793,413730,levi.s.b,Tappinâ€™ on time ğŸ˜‚ Goose loves sun bathing with mama ğŸŒ . . . . . #golden #retriever #goldenretriever #goldenhour #goldenretrieverlife #retrieversoftiktok #retrieverpuppy #goldenpup #goldenpuppy ,14298818,6480,Animals
1710973170,7348573721084349742,4429372,562544,meganator__,shark caught on tape treasure island florida!!!! #sharksighting #fyp ,20462555,9975,Comedy
1710951539,7348480747721739562,685,0,fraziermuseum,Replying to @lesbiancirce ğŸ‰ Not sure why she keeps doing this. #FrazierHistoryMuseum #Tour #genz #intern #Genzhumor #LouisvilleKy #genzintern #historybuff #historylover #museumtok ,18,23,Sketch Comedy
1710888198,7348208719735295265,164527,2997,horseracingtvclips,ğŸ Ostrich Racing #horse #horses #horsesoftiktok #horseracing #hirseracingedit #horseriding #horsesontiktok #horsepower #horselover #horseracinglover #horseracinglife #horseracingtiktok #jockey #horsejockey #bornfamous #winner #horsewinner #topjockeys #tophorse #tophorses #explore #explorepage #foryou #foryourpage #fyp ,124368,10947,Animals
1710880765,7348176819994119467,120813,32940,dcplateking,Itâ€™s time for round spoons. #fyp #spoon #dcplateking ,633524,1442,Random
1710870441,7348132530765303083,480052,12722,jazminer17,this color is ğŸ˜ğŸ˜ğŸ˜ğŸ˜ If you want a more depth tutorial let me knowğŸ¥° im here to help you look this good! #makeup #makeupclasses #mua #professionalmua #2024makeup #2024makeuptrends #trendingmakeup #2024trendingmakeup #lipstick #newmakeup #overlininglips #biglips #smalllips #overlininglips #overlinedlips #overlinedlipstutorial #makeuptutorial ,13954948,2181,Comedy
1710861472,7348094032645573920,389537,64308,noorisabiq,#studytips ,2221619,580,Comedy
1710834546,7347978404311960840,5045522,303188,avneesha_delulu,If Bollywood movies were real lifeâ€¦ #sketch @Nick&Carrie ,54982200,38322,Sketch Comedy
1710889200,7347633281883442464,1371402,209649,beagle.planet.84,The good news is I dont actually hunt #dogdad #dogmom #petparent #dogtok #beagle #camping,8583174,2295,Animals
1710704050,7347417824446483754,813092,72189,detroitzoo,"ğŸŒˆ Oh, what luck! ğŸŒˆ The penguins were gifted some ""lucky charms"" to give to their mates during nesting season! ğŸ§ #detroitzoo #detroit #zoo #penguins #matingseason #luckycharms #paintedpebbles #pretty #cute #michigan",7296804,4981,Animals
1712100196,7353414299001310495,2700555,521365,purplepeopleeatergmc,Idk shi probably flat tho #vine @RJ ,15347529,6822,Comedy
1712030055,7353113045897350446,582418,108584,elle.cordova,Replying to @the_lonelyest_pickle dare accepted. RX Side Effects Redux! (Deja vu now also makes a recurring appearance per commenter requests) #rx,3562068,7234,Singing
1711999375,7352981264670100782,513786,34193,childrensmuseum,Our dinos are Total Solar Eclipse readyğŸ˜#somedayillgetit #eclipse #solareclipse #eclipseindy #totalsolareclipse #indianapolis #indiana #solareclipse2024 #eclipse2024 #eclipseseason ,4737834,1073,Comedy
1711992501,7352951753567915310,242003,170015,themarydeangelis,Never forget ğŸ¥ª #qvc #bologna #fyp #kitchen ##problemsolved ,3495740,9354,Comedy
1711984232,7352916229893557550,130468,9744,olivialmarcus,My parents have a better social life than I do #family #motherdaughter #parents #couple ,989546,367,Sketch Comedy
1711983582,7352913443235646762,849841,113028,duolingo,Sing along to âœ¨SPANISH OR VANISHâœ¨ from DUOLINGO ON ICE! The perfect tune to avoid doing your lesson to. Buy tickets at link in bio. #fyp #duolingo #DuolingoOnIce,6996644,16636,Sketch Comedy
1711982037,7352906839786278177,553078,109630,wrinklyrascals,I dont think nan likes grandads hat ğŸ˜‚ğŸ˜‚ #fyp #grandparents #grandparentsoftiktok ,2298581,1898,Comedy
1711981443,7352904298600074501,111662,34639,wallstreetoasis,This McKinsey-roasting parody deserves an Oscar nod.,1673754,528,Sketch Comedy
1711969796,7352853795547893038,263523,11539,doctoktopus,Eat your heart(s) our Kate Gosselin #octopus #marinebiology #shrimpdaddy #saltwateraquarium #fyp #cephalopod #petoctopus #saltwatertank #aquarium #mom #,3577528,2154,Education
1708535470,7338103842606730538,94180,1936,alecsteelee,Why This Cult â€˜$40 Pencilâ€™ Almost Went Extinct - 1,1394580,567,Education
1708517867,7338028323471133985,3740286,0,alessiasimonetti,in love #barcelona #love,24177810,17590,Dancing
1708486331,7337892830313991467,488963,22271,torti11atori,"Sorry, my cat said I can't go out tonight :( #fyp #catsoftiktok #grooming #bradmondo ",3090259,1080,Animals
1708468373,7337815746833141034,1075511,96268,ohhyoubetcha,The midwest language is tricky ğŸ˜…,8918222,20037,Sketch Comedy
1708453736,7337752906247982368,46151,1066,plowrong,#fyp #jellycats ,291701,323,Comedy
1708379369,7337433492822723873,18051956,1218696,mauesus,When you fail the start on mario kart #bulldog #dog #ares #viral ,169749002,103844,Animals
1708300777,7337095859726748970,1322299,48500,floridaguidejosh,"Discovering the gentle giants of Floridaâ€™s waterways: baby manatees! ğŸŒŠğŸ’™ Did you know these precious creatures, also known as â€˜sea cows,â€™ are born weighing around 60-70 pounds and measuring about 3-4 feet in length? Despite their hefty size at birth, they rely on their motherâ€™s milk for up to 2 years before transitioning to a plant-based diet. These curious and playful babies spend their days exploring the warm coastal waters, seeking shelter in shallow areas and enjoying the company of their protective mothers. Letâ€™s cherish and protect these adorable ambassadors of the sea! DISCLAIMER: Manatees are federally protected animals. Any form of harassment or disturbance to these gentle creatures is strictly prohibited by law. Please DO NOT PET! Letâ€™s ensure their safety and well-being by admiring them from a respectful distance. ğŸ›¶: @Ecoventure Tours #manatee #florida #wildlife #conservation",9243932,3053,Animals
1708285336,7337029552662727978,390935,14505,brandonc0hen,Bachelor? I hardly know her ğŸ’€,2267776,1027,Sketch Comedy
1708214368,7336724718667451690,467726,20268,maddie_m_clark,@Noah Kahan comedy show w a side of music tn in paris ,1997981,1423,Comedy
1708198177,7336655115035741470,531034,13683,danmancarney,He might be on to something #fyp #foryourpage #single ,2936644,3243,Sketch Comedy
1708098346,7336226316993269034,63800,0,us18106t0l,#iowa #fyp #husbandcalling #viral #layka ,1400000,1240,Comedy
1708000601,7335806668736974112,2985306,41351,og.emi,hate it when it happensğŸ™„ğŸ™„,13706858,3770,Meme
1707980271,7335719362659192065,537257,84103,louisetownson825,,3831812,3538,Comedy
1707941293,7335551871991418155,33346,6754,itseieio,"I put brickbreaker inside google calendar to have some fun declining all my meetings! chrome extension coming soon, stay tuned. #creativecoding #meetings #officelife #timemanagement #calendar #brickbreaker #breakout #hacks ",729801,116,Meme
1707868436,7335238972693712174,1027415,55213,thatgoodnewsgirl,"Sea lions are learning how to play video games! You might not see them online while youâ€™re playing just yet, but they are having fun with their maze games. The Navy sea lions have access to the games through the US Navy Marine Mammal Program as part of their enrichment. The sea lions are trained to attach recovery lines to Navy equipment at the ocean floor that is too difficult for humans to get to. Theyâ€™re free to leave the program if theyâ€™d like to, but most choose to stay. The video games might be one reason why! ğŸ“¸ US Navy #sealion #navy #navyseal #gaming #videogames #goodnews ",5755180,3415,Education
1707830678,7335076878912343328,222436,5478,roxy.x51,@KirstğŸ§š we love marcells farm â›·ï¸ğŸ¿ğŸš¡#fyp#skiingtiktok#skiingfail ,2655702,1454,Comedy
1707800987,7334949225635106094,126806,10935,vhslifesaver,"Weâ€™ve extended the best dog-gone sale of the year!! ğŸš— Certified, Pre-Owned Pets are 50% off! ğŸ·ï¸ Visit our showroom today!! ğŸ¾ğŸ¶ğŸ±ğŸ’¥@Best Friends #preowned #salesalesale ",559680,2020,Comedy
1707755975,7334756028401061152,40447,3532,rspb,Replying to @Yorkshire Peat Partnership â€œmore eaglesâ€ you say? #eagles #eaglesoftiktok #eagle #rspb #birdoftheweek #botw #cormorant #birdmemes #birdlovers #birding ,282041,380,Meme
1707711669,7334565653854096682,3468964,97683,mapleandmortycorgi,"Sheâ€™s doing her best, ok #dogsoftiktok #petsoftiktok ",17804976,5996,Animals
1707700187,7334516325164895531,1640367,107501,nfl,Replying to @softysoftmew the best teacher ğŸ˜‚ #nfl #superbowl #doratheexplorer ,12467885,10610,Education
1710616798,7347043177376795937,830770,78073,joshkerr0,Who got the worst item? ğŸ˜‚ Make sure you watch to the end to see them all ğŸ‘€ Youâ€™ve got to do this rule next time you go on a boozey holiday with your mates. ,7224536,1885,Comedy
1710550062,7346756448103288107,303271,60091,alexclart,This feels important. #fyp #buffalo ,1442436,2010,Meme
1710493055,7346511698624269601,145000,0,leavingtracks,When you tell bro the views will be amazing #hiking #adventure #explore #camping #wildcamping #lakedistrict #uk,114956,779,Meme
1710463116,7346383083987553582,139500,11327,briangulotta,"Colorado Snowstorm March 14, 2024 in Nederland, Colorado st 10am. Clover goes swimming. #dog #snow #dogsinsnow #snowstorm #blizzard #nederland #colorado #denver #winterstorm #bestinshow #weather ",1371093,1662,Animals
1710432007,7346249504800263456,1421649,145290,whitaswhit,Trying to figure out whatâ€™s for dinner! #frog #animation #cuteartstyle #animatedfrog #art,11263497,4537,Random
1710388113,7346060881723264299,197886,14393,daisyykent,we almost knocked ourselves out with a spatula ,2177005,312,Meme
1710363197,7345953938010541354,213028,18677,jess_garden_homestead,Twilight the remake #homestead #twilight #turkey ,952537,913,Animals
1710313239,7345739405945998610,1288387,177326,rainyday.v,,5238978,3051,Comedy
1710308701,7345719870123740459,1239680,39798,erinharamoto,Momma whale teaching her baby how to slap their tail ğŸ‹ ğŸ¥¹ #hawaii ,6625253,8078,Animals
1710275595,7345577608186252586,561061,17186,collegelifeshorts,group projects in college are where life long enemies are made @Lonnie IIV #collegelife #highschool #groupproject #assignment ,3451971,753,Sketch Comedy
1710270492,7345555694164151598,300802,1925,jennifermika_,Replying to @Bluestofthebutterflies im being attacked,4056648,800,Trend
1710194037,7345227307608575275,644181,8718,jennifermika_,Shes exposing meâ€¦,4606352,1372,Trend
1710184527,7345186456954047787,915460,19011,theyesterdaysaga,Weird and Interesting Facts About U.S. Presidents: Simplified in Cat Terms. Part 2! #history #theyesterdaysaga #historymeme #cat #catmeme #ushistory #americanhistory #fyp ,4932438,2084,Education
1710179884,7345166642499849505,2001452,292921,emm.stanton,Send help ğŸ™Š #momsoftiktok #momlife #motherhood #fyp #foryou #abcxyz #parentlife #secondchild #pov,16968165,13325,Meme
1710098732,7344818041156275502,500486,19583,callduckofficial,That one duck edit. I hope this reaches the right audience. ,5217420,38256,Animals
1710057563,7344640925726969119,130413,7307,micahriley123,,741558,408,Comedy
1710009968,7344436866344619296,348547,18940,tompbates,Nigel and Marmalade find a massive wizard hat #animation #nigelandmarmalade #nigelthetinywizard #wizard ,1872874,685,Random
1709852524,7343760551085935914,111423,1646,thesnackslut,Just trust me on this,36369,7798,Comedy
1709767120,7343393805854395680,4932092,184943,adhd.al,And the entertainment beginsğŸ˜‚ğŸ˜‚ğŸ˜‚ #fyp #foryoupage #foryou #adhddad ,31077840,30952,Comedy
1709758827,7343358090756082990,47801,824,spencerdancerrr,here is the video where i dont fall ,161759,317,Dancing
1707672133,7334395836857634090,163795,6395,georgeisnotfunny,Business can be done everywhere!! #nyc #newyork #business #buy #sell ,758674,391,Sketch Comedy
1707613395,7334143590098079019,3820425,69724,jezlynbearden,cannot get over the accent ğŸ¤£ #husbandwife #marriagehumor #marriage #couple ,16264581,6629,Meme
1706986697,7331452021570325766,845425,45094,ratenciotherat,ğŸ¥ğŸ¥–ğŸ« #nivoraanimation #comedy #funny #ratencio #painauchocolat ,5137689,4031,Meme
1706983762,7331439283838094638,4431407,258672,samuelgrubbs,Can you call the police on a child?? ğŸ˜­ğŸ˜­ #foryou #fyp #fypã‚· #foryoupage #fy #foryourpage #viral #trending #funny #music #comedy #TIKTOK #weird #baby #food ,7687101,210109,Meme
1706949590,7331292194206256427,1126248,17637,michaelboyyd,Baby Robin learns about waves #seal #sealtok ,7968298,2545,Animals
1706930810,7331211859476876575,217881,9749,momchats,Once of us played like garbage tonight ğŸ—‘ï¸ğŸ—‘ï¸ ,1684774,1378,Comedy
1706925217,7331187830326250798,6205396,104088,kelseyybaee,i forced him too do this,32677905,15473,Meme
1706850011,7330864911725169952,817317,58850,christycoysh,Iâ€™m going to save Britain ğŸ‡¬ğŸ‡§ #british #uk #politics #freddo #freddoingreatbritain #funny #funnyvideos #musicalcomedy #comedy #parody #cadbury Freddo in Great Britain ğŸ¸ ,7088918,11117,Sketch Comedy
1706833303,7330793159993363758,5226805,129541,jacksgothops,I was a little thirsty #ithinkilikethislittlelife #beer #craftbeer #beercan #fyp #fypã‚· #foryou ,35742302,13487,Meme
1706820336,7330737451646078254,870866,27622,loxsmith_,#airmattress ,5977371,2850,Sketch Comedy
1706811074,7330697719264054560,45528,9,morequagmire,Soup soup #mightyboosh #fyp ,799,2203,Random
1709735958,7343259942314446112,599146,6733,taskmaster,The time the Wow Monster eluded the Taskmasterâ€¦ #taskmaster,5586418,443,Sketch Comedy
1709702486,7343116185057217823,279633,21902,potersnak,The McClure Park slide is a fun shortcut to Fort George brewery when youâ€™re in Astoria #wanderlust #pnwonderland #westcoastbestcoast #oregoncoast #astoriaoregon #exploreoregon #adventure #tiktoktravel #thingstodo #explore #travel #youngatheart #fyp #funny #funnyvideos #fun #slide #donttrythisathome ,1754777,1298,Comedy
1709660766,7342937025361956142,234046,7165,thebeantones,"How Dâ€™Ya Like Your Eggs in the Morning? We like ours after PRESAVING OUR DEBUT SINGLE â€œA Trout, No Doubtâ€ LINK IN BIO NOW! Be among the first to hear our official recorded version of the nautical jazz tune currently sweeping the nation. While you wait for its release, please enjoy our new recording of a fan favorite, our transcription of an eggilicious @The Four Freshmen classic! #vocaljazz #vocalharmony #eggs #fishing #breakfastsongs #vocalgroups #eggpuns #eggjokes",1358159,1408,Singing
1709598586,7342669883886341419,969948,28516,taylorpolcyn2,no bc what really got me was the speakers playing â€œgangnam styleâ€ on REPEAT,7061260,2441,Meme
1709516391,7342316904486276394,5649,0,littlecaesarz336,Friday night date night @Campbell Puckett #pookieandjett #happycouple ,238400,91,Meme
1709499619,7342244830598221098,410366,9142,spencerdancerrr,this video is so funny ive watched it so many times ,1629803,2044,Dancing
1709492030,7342212182651833631,321014,7868,roccosrealty,We got to get rid of this darn intern ğŸ˜¤ #realtor #funny #fypã‚· #realty #fired #genz ,1897532,955,Meme
1709474515,7342136857112628526,440482,24526,heytakeachance,Replying to @wtellis8000 aint Shawty 1st Rodeo! #rodeo #puppy #fyp #letsgo ,3683637,774,Animals
1709467230,7342105814787788065,2585386,312372,beagleskiko,"Replying to @Laur Eggs and carrots were FLYING!! We were feeling Italian this week so dad made us tortellini ğŸ¤Œ and Kiki definitely made up for not getting enough of sneaky chances last week! ğŸ¤£ Oh and, you asked and we listened - dad got himself a plastic ğŸ”ª Ingredients used: carrots, bell peppers, oats, broccoli, egg, goat cheese, butternut squash #dog #beagle #beaglesoftiktok #dogcontent #cookingwithbeagles #dogtok #funnydogs #cookingwithdogs ",47654158,27968,Animals
1709448668,7342025930564521259,263286,16621,westernupharmacy,Ingestion of tylenol > 7.5g can lead to overdose and serious consequences to the liver #fyp #cats #pharmacy #pharmacyschool #pharmacist #westernucop #westernupharmd #westernu #CapCut ,1583344,1367,Education
1709398753,7341811573595524398,861136,54647,mindseyeband,Benji was the king of hip hop #cringe #hamilton #musical ,4195019,3772,Singing
1709395345,7341796912883862814,1818591,28308,bwpottery,almost had the last one ğŸ˜ª #pottery ,30140236,5448,Comedy
1709343009,7341572232927333675,1348508,57646,costcohotdogadvocate,Beat boxing duo #cat #fyp ,5569948,2391,Animals
1709313267,7341444390180687150,2241333,119135,duckduck.n.goose,#fyp #funny #cat #billnye ,12773878,6897,Meme
